{"accuracy": [0.7039200067520142, 0.7723000049591064, 0.7904599905014038, 0.7994400262832642, 0.8078399896621704, 0.8555399775505066, 0.9263799786567688, 0.9513599872589111, 0.9632599949836731, 0.9717199802398682, 0.9755600094795227, 0.9770799875259399, 0.981939971446991, 0.9832000136375427, 0.9856799840927124, 0.9864199757575989, 0.9859200119972229, 0.987820029258728, 0.9875800013542175], "val_accuracy": [0.7975999712944031, 0.8036999702453613, 0.8066999912261963, 0.8082000017166138, 0.8125, 0.7736999988555908, 0.8357999920845032, 0.9067000150680542, 0.8999999761581421, 0.8986999988555908, 0.8939999938011169, 0.9251999855041504, 0.9218000173568726, 0.9291999936103821, 0.921500027179718, 0.9182000160217285, 0.9264000058174133, 0.9125000238418579, 0.9212999939918518], "loss": [0.8956512212753296, 0.6636099219322205, 0.6063615083694458, 0.572445273399353, 0.5508015751838684, 0.45275402069091797, 0.22056978940963745, 0.14601273834705353, 0.11023782938718796, 0.08553200960159302, 0.07577001303434372, 0.0689982995390892, 0.0562521368265152, 0.05294784530997276, 0.043054357171058655, 0.04306372255086899, 0.044374093413352966, 0.038089994341135025, 0.037391211837530136], "val_loss": [0.5922367572784424, 0.5702689290046692, 0.5576993227005005, 0.552786648273468, 0.5472778081893921, 0.8650603294372559, 0.5904232859611511, 0.32469671964645386, 0.3735027015209198, 0.39959076046943665, 0.48064354062080383, 0.3121055066585541, 0.34923702478408813, 0.28746524453163147, 0.36178138852119446, 0.3919377326965332, 0.32425013184547424, 0.42593932151794434, 0.36092886328697205]}